Timestamp,LR,Type,Epoch,Accuracy,Precision,Recall,F1
2023-06-05T18:08:02.103850,0.1,LeNet5,1,0.10000000149011612,0.009800000116229057,0.10000000149011612,0.017850635573267937
2023-06-05T18:08:13.341775,0.1,LeNet5,2,0.10000000149011612,0.010100000537931919,0.10000000149011612,0.018346959725022316
2023-06-05T18:08:24.784414,0.1,LeNet5,3,0.10000000149011612,0.009820000268518925,0.10000000149011612,0.01788381114602089
2023-06-05T18:08:36.367403,0.1,LeNet5,4,0.10000000149011612,0.010320000350475311,0.10000000149011612,0.01870921067893505
2023-06-05T18:08:47.946660,0.1,LeNet5,5,0.10000000149011612,0.010320000350475311,0.10000000149011612,0.01870921067893505
2023-06-05T18:08:59.329950,0.1,LeNet5,6,0.10000000149011612,0.00957999937236309,0.10000000149011612,0.017484942451119423
2023-06-05T18:09:10.781890,0.1,LeNet5,7,0.10000000149011612,0.009800000116229057,0.10000000149011612,0.017850635573267937
2023-06-05T18:09:22.293892,0.1,LeNet5,8,0.10000000149011612,0.010320000350475311,0.10000000149011612,0.01870921067893505
2023-06-05T18:09:33.785250,0.1,LeNet5,9,0.10000000149011612,0.009820000268518925,0.10000000149011612,0.01788381114602089
2023-06-05T18:09:45.646547,0.1,LeNet5,10,0.10000000149011612,0.00957999937236309,0.10000000149011612,0.017484942451119423
2023-06-05T18:09:57.041847,0.1,LeNet5,11,0.10000000149011612,0.011350000277161598,0.10000000149011612,0.020386170595884323
2023-06-05T18:10:08.261830,0.1,LeNet5,12,0.10000000149011612,0.008919999934732914,0.10000000149011612,0.016378993168473244
2023-06-05T18:10:19.736590,0.1,LeNet5,13,0.10000000149011612,0.010089999996125698,0.10000000149011612,0.01833045668900013
2023-06-05T18:10:30.938136,0.1,LeNet5,14,0.10000000149011612,0.00974000059068203,0.10000000149011612,0.017751049250364304
2023-06-05T18:10:42.543963,0.1,LeNet5,15,0.10000000149011612,0.008919999934732914,0.10000000149011612,0.016378993168473244
2023-06-05T18:10:53.970914,0.1,LeNet5,16,0.10000000149011612,0.009820000268518925,0.10000000149011612,0.01788381114602089
2023-06-05T18:11:05.363298,0.1,LeNet5,17,0.10000000149011612,0.008919999934732914,0.10000000149011612,0.016378993168473244
2023-06-05T18:11:17.116335,0.1,LeNet5,18,0.10000000149011612,0.008919999934732914,0.10000000149011612,0.016378993168473244
2023-06-05T18:11:28.357568,0.1,LeNet5,19,0.10000000149011612,0.009820000268518925,0.10000000149011612,0.01788381114602089
2023-06-05T18:11:40.249372,0.1,LeNet5,20,0.10000000149011612,0.011350000277161598,0.10000000149011612,0.020386170595884323
2023-06-05T18:11:52.482667,0.1,LeNet5ReLU,1,0.10000000149011612,0.011350000277161598,0.10000000149011612,0.020386170595884323
2023-06-05T18:12:04.256772,0.1,LeNet5ReLU,2,0.10000000149011612,0.009820000268518925,0.10000000149011612,0.01788381114602089
2023-06-05T18:12:16.216238,0.1,LeNet5ReLU,3,0.10000000149011612,0.010320000350475311,0.10000000149011612,0.01870921067893505
2023-06-05T18:12:28.064607,0.1,LeNet5ReLU,4,0.10000000149011612,0.00974000059068203,0.10000000149011612,0.017751049250364304
2023-06-05T18:12:40.431383,0.1,LeNet5ReLU,5,0.10000000149011612,0.009800000116229057,0.10000000149011612,0.017850635573267937
2023-06-05T18:12:52.619464,0.1,LeNet5ReLU,6,0.10000000149011612,0.011350000277161598,0.10000000149011612,0.020386170595884323
2023-06-05T18:13:06.896249,0.1,LeNet5ReLU,7,0.10000000149011612,0.011350000277161598,0.10000000149011612,0.020386170595884323
2023-06-05T18:13:18.360653,0.1,LeNet5ReLU,8,0.10000000149011612,0.010100000537931919,0.10000000149011612,0.018346959725022316
2023-06-05T18:13:29.877316,0.1,LeNet5ReLU,9,0.10000000149011612,0.00974000059068203,0.10000000149011612,0.017751049250364304
2023-06-05T18:13:41.225774,0.1,LeNet5ReLU,10,0.10000000149011612,0.011350000277161598,0.10000000149011612,0.020386170595884323
2023-06-05T18:13:52.727507,0.1,LeNet5ReLU,11,0.10000000149011612,0.010280000045895576,0.10000000149011612,0.0186434518545866
2023-06-05T18:14:04.224832,0.1,LeNet5ReLU,12,0.10000000149011612,0.011350000277161598,0.10000000149011612,0.020386170595884323
2023-06-05T18:14:16.037437,0.1,LeNet5ReLU,13,0.10000000149011612,0.011350000277161598,0.10000000149011612,0.020386170595884323
2023-06-05T18:14:27.560783,0.1,LeNet5ReLU,14,0.10000000149011612,0.010100000537931919,0.10000000149011612,0.018346959725022316
2023-06-05T18:14:39.094106,0.1,LeNet5ReLU,15,0.10000000149011612,0.009800000116229057,0.10000000149011612,0.017850635573267937
2023-06-05T18:14:50.604617,0.1,LeNet5ReLU,16,0.10000000149011612,0.010280000045895576,0.10000000149011612,0.0186434518545866
2023-06-05T18:15:02.096624,0.1,LeNet5ReLU,17,0.10000000149011612,0.00974000059068203,0.10000000149011612,0.017751049250364304
2023-06-05T18:15:13.391981,0.1,LeNet5ReLU,18,0.10000000149011612,0.010100000537931919,0.10000000149011612,0.018346959725022316
2023-06-05T18:15:24.882009,0.1,LeNet5ReLU,19,0.10000000149011612,0.010100000537931919,0.10000000149011612,0.018346959725022316
2023-06-05T18:15:36.461230,0.1,LeNet5ReLU,20,0.10000000149011612,0.009800000116229057,0.10000000149011612,0.017850635573267937
2023-06-05T18:15:48.002352,0.1,LeNet5AvgPool,1,0.10000000149011612,0.010320000350475311,0.10000000149011612,0.01870921067893505
2023-06-05T18:15:59.496241,0.1,LeNet5AvgPool,2,0.10000000149011612,0.010320000350475311,0.10000000149011612,0.01870921067893505
2023-06-05T18:16:10.761248,0.1,LeNet5AvgPool,3,0.10000000149011612,0.010280000045895576,0.10000000149011612,0.0186434518545866
2023-06-05T18:16:22.171983,0.1,LeNet5AvgPool,4,0.10000000149011612,0.010089999996125698,0.10000000149011612,0.01833045668900013
2023-06-05T18:16:33.515945,0.1,LeNet5AvgPool,5,0.10000000149011612,0.010280000045895576,0.10000000149011612,0.0186434518545866
2023-06-05T18:16:44.918606,0.1,LeNet5AvgPool,6,0.10000000149011612,0.010100000537931919,0.10000000149011612,0.018346959725022316
2023-06-05T18:16:56.278804,0.1,LeNet5AvgPool,7,0.10000000149011612,0.011350000277161598,0.10000000149011612,0.020386170595884323
2023-06-05T18:17:07.949919,0.1,LeNet5AvgPool,8,0.10000000149011612,0.00974000059068203,0.10000000149011612,0.017751049250364304
2023-06-05T18:17:19.350464,0.1,LeNet5AvgPool,9,0.10000000149011612,0.010100000537931919,0.10000000149011612,0.018346959725022316
2023-06-05T18:17:30.883393,0.1,LeNet5AvgPool,10,0.10000000149011612,0.010280000045895576,0.10000000149011612,0.0186434518545866
2023-06-05T18:17:43.246982,0.1,LeNet5AvgPool,11,0.10000000149011612,0.009820000268518925,0.10000000149011612,0.01788381114602089
2023-06-05T18:17:55.061531,0.1,LeNet5AvgPool,12,0.10000000149011612,0.010280000045895576,0.10000000149011612,0.0186434518545866
2023-06-05T18:18:06.596527,0.1,LeNet5AvgPool,13,0.10000000149011612,0.00974000059068203,0.10000000149011612,0.017751049250364304
2023-06-05T18:18:18.036287,0.1,LeNet5AvgPool,14,0.10000000149011612,0.008919999934732914,0.10000000149011612,0.016378993168473244
2023-06-05T18:18:29.642925,0.1,LeNet5AvgPool,15,0.10000000149011612,0.00974000059068203,0.10000000149011612,0.017751049250364304
2023-06-05T18:18:41.112776,0.1,LeNet5AvgPool,16,0.10000000149011612,0.009820000268518925,0.10000000149011612,0.01788381114602089
2023-06-05T18:18:52.674894,0.1,LeNet5AvgPool,17,0.10000000149011612,0.010280000045895576,0.10000000149011612,0.0186434518545866
2023-06-05T18:19:04.089099,0.1,LeNet5AvgPool,18,0.10000000149011612,0.00957999937236309,0.10000000149011612,0.017484942451119423
2023-06-05T18:19:16.407545,0.1,LeNet5AvgPool,19,0.10000000149011612,0.010320000350475311,0.10000000149011612,0.01870921067893505
2023-06-05T18:19:28.525766,0.1,LeNet5AvgPool,20,0.10000000149011612,0.011350000277161598,0.10000000149011612,0.020386170595884323
2023-06-05T18:19:40.264200,0.1,LeNet5ReLUAvgPool,1,0.10000000149011612,0.010280000045895576,0.10000000149011612,0.0186434518545866
2023-06-05T18:19:51.909406,0.1,LeNet5ReLUAvgPool,2,0.10000000149011612,0.011350000277161598,0.10000000149011612,0.020386170595884323
2023-06-05T18:20:03.362299,0.1,LeNet5ReLUAvgPool,3,0.10000000149011612,0.008919999934732914,0.10000000149011612,0.016378993168473244
2023-06-05T18:20:14.693557,0.1,LeNet5ReLUAvgPool,4,0.10000000149011612,0.011350000277161598,0.10000000149011612,0.020386170595884323
2023-06-05T18:20:25.865744,0.1,LeNet5ReLUAvgPool,5,0.10000000149011612,0.009800000116229057,0.10000000149011612,0.017850635573267937
2023-06-05T18:20:37.410468,0.1,LeNet5ReLUAvgPool,6,0.10000000149011612,0.010280000045895576,0.10000000149011612,0.0186434518545866
2023-06-05T18:20:48.796093,0.1,LeNet5ReLUAvgPool,7,0.10000000149011612,0.010100000537931919,0.10000000149011612,0.018346959725022316
2023-06-05T18:21:00.644098,0.1,LeNet5ReLUAvgPool,8,0.10000000149011612,0.010280000045895576,0.10000000149011612,0.0186434518545866
2023-06-05T18:21:12.094602,0.1,LeNet5ReLUAvgPool,9,0.10000000149011612,0.011350000277161598,0.10000000149011612,0.020386170595884323
2023-06-05T18:21:23.435474,0.1,LeNet5ReLUAvgPool,10,0.10000000149011612,0.011350000277161598,0.10000000149011612,0.020386170595884323
2023-06-05T18:21:35.063354,0.1,LeNet5ReLUAvgPool,11,0.10000000149011612,0.00957999937236309,0.10000000149011612,0.017484942451119423
2023-06-05T18:21:46.423724,0.1,LeNet5ReLUAvgPool,12,0.10000000149011612,0.010089999996125698,0.10000000149011612,0.01833045668900013
2023-06-05T18:21:57.780175,0.1,LeNet5ReLUAvgPool,13,0.10000000149011612,0.009800000116229057,0.10000000149011612,0.017850635573267937
2023-06-05T18:22:09.304436,0.1,LeNet5ReLUAvgPool,14,0.10000000149011612,0.010280000045895576,0.10000000149011612,0.0186434518545866
2023-06-05T18:22:23.849145,0.1,LeNet5ReLUAvgPool,15,0.10000000149011612,0.011350000277161598,0.10000000149011612,0.020386170595884323
2023-06-05T18:22:36.312898,0.1,LeNet5ReLUAvgPool,16,0.10000000149011612,0.010320000350475311,0.10000000149011612,0.01870921067893505
2023-06-05T18:22:49.330767,0.1,LeNet5ReLUAvgPool,17,0.10000000149011612,0.010100000537931919,0.10000000149011612,0.018346959725022316
2023-06-05T18:23:03.791002,0.1,LeNet5ReLUAvgPool,18,0.10000000149011612,0.011350000277161598,0.10000000149011612,0.020386170595884323
2023-06-05T18:23:16.836397,0.1,LeNet5ReLUAvgPool,19,0.10000000149011612,0.010100000537931919,0.10000000149011612,0.018346959725022316
2023-06-05T18:23:29.478731,0.1,LeNet5ReLUAvgPool,20,0.10000000149011612,0.010280000045895576,0.10000000149011612,0.0186434518545866
2023-06-05T18:23:42.263866,0.01,LeNet5,1,0.9373906850814819,0.9388447999954224,0.9373906850814819,0.9378399848937988
2023-06-05T18:23:54.097017,0.01,LeNet5,2,0.9293802976608276,0.9301664233207703,0.9293802976608276,0.9291879534721375
2023-06-05T18:24:05.687962,0.01,LeNet5,3,0.9239824414253235,0.9258933067321777,0.9239824414253235,0.9241960644721985
2023-06-05T18:24:17.283242,0.01,LeNet5,4,0.8974819183349609,0.9014032483100891,0.8974819183349609,0.8984673619270325
2023-06-05T18:24:28.872366,0.01,LeNet5,5,0.92036372423172,0.9243286848068237,0.92036372423172,0.9209964871406555
2023-06-05T18:24:40.653197,0.01,LeNet5,6,0.9269596934318542,0.927627682685852,0.9269596934318542,0.9269018173217773
2023-06-05T18:24:51.985810,0.01,LeNet5,7,0.9121134877204895,0.9121538996696472,0.9121134877204895,0.9115713238716125
2023-06-05T18:25:03.639700,0.01,LeNet5,8,0.9231337308883667,0.9241119623184204,0.9231337308883667,0.9229832887649536
2023-06-05T18:25:15.271076,0.01,LeNet5,9,0.9194797277450562,0.9212943315505981,0.9194797277450562,0.9193300008773804
2023-06-05T18:25:26.619499,0.01,LeNet5,10,0.9174674153327942,0.918244481086731,0.9174674153327942,0.9164551496505737
2023-06-05T18:25:37.947716,0.01,LeNet5,11,0.9286307096481323,0.930422306060791,0.9286307096481323,0.9289464950561523
2023-06-05T18:25:49.514652,0.01,LeNet5,12,0.9288524389266968,0.9308860898017883,0.9288524389266968,0.9293457865715027
2023-06-05T18:26:01.076971,0.01,LeNet5,13,0.911605179309845,0.914794921875,0.911605179309845,0.9121311902999878
2023-06-05T18:26:12.534572,0.01,LeNet5,14,0.9327802658081055,0.9328683614730835,0.9327802658081055,0.9326340556144714
2023-06-05T18:26:23.792061,0.01,LeNet5,15,0.9325586557388306,0.9331256151199341,0.9325586557388306,0.9326834678649902
2023-06-05T18:26:35.129161,0.01,LeNet5,16,0.9129047393798828,0.9139496684074402,0.9129047393798828,0.9123620986938477
2023-06-05T18:26:46.678972,0.01,LeNet5,17,0.89776211977005,0.8992346525192261,0.89776211977005,0.8972686529159546
2023-06-05T18:26:57.948839,0.01,LeNet5,18,0.9145399332046509,0.9165664911270142,0.9145399332046509,0.9147682189941406
2023-06-05T18:27:09.418351,0.01,LeNet5,19,0.8957732915878296,0.9011412858963013,0.8957732915878296,0.8964994549751282
2023-06-05T18:27:20.944212,0.01,LeNet5,20,0.919224739074707,0.9203395843505859,0.919224739074707,0.9185452461242676
2023-06-05T18:27:32.436655,0.01,LeNet5ReLU,1,0.9730556607246399,0.9743355512619019,0.9730556607246399,0.9734370112419128
2023-06-05T18:27:44.038178,0.01,LeNet5ReLU,2,0.9621879458427429,0.9641054272651672,0.9621879458427429,0.9625919461250305
2023-06-05T18:27:55.599980,0.01,LeNet5ReLU,3,0.9805625081062317,0.9811542630195618,0.9805625081062317,0.9808270335197449
2023-06-05T18:28:07.084366,0.01,LeNet5ReLU,4,0.9757342338562012,0.976319432258606,0.9757342338562012,0.9759495854377747
2023-06-05T18:28:18.494508,0.01,LeNet5ReLU,5,0.9750751256942749,0.9760233163833618,0.9750751256942749,0.9753776788711548
2023-06-05T18:28:29.808676,0.01,LeNet5ReLU,6,0.9767548441886902,0.9765464663505554,0.9767548441886902,0.9764721989631653
2023-06-05T18:28:41.463552,0.01,LeNet5ReLU,7,0.9835522770881653,0.9838573336601257,0.9835522770881653,0.9836704134941101
2023-06-05T18:28:52.997999,0.01,LeNet5ReLU,8,0.977522075176239,0.9786928296089172,0.977522075176239,0.9779947400093079
2023-06-05T18:29:04.529054,0.01,LeNet5ReLU,9,0.9733806848526001,0.9743407964706421,0.9733806848526001,0.97361820936203
2023-06-05T18:29:15.938081,0.01,LeNet5ReLU,10,0.9825347065925598,0.9824755787849426,0.9825347065925598,0.9824907183647156
2023-06-05T18:29:27.561956,0.01,LeNet5ReLU,11,0.9782590866088867,0.9781138300895691,0.9782590866088867,0.9781128764152527
2023-06-05T18:29:39.177881,0.01,LeNet5ReLU,12,0.9810096025466919,0.9816659092903137,0.9810096025466919,0.9812671542167664
2023-06-05T18:29:50.724863,0.01,LeNet5ReLU,13,0.9828440546989441,0.9829605221748352,0.9828440546989441,0.9828526377677917
2023-06-05T18:30:02.289122,0.01,LeNet5ReLU,14,0.981796145439148,0.9819104075431824,0.981796145439148,0.9818115234375
2023-06-05T18:30:13.771889,0.01,LeNet5ReLU,15,0.9745505452156067,0.9747937917709351,0.9745505452156067,0.9745704531669617
2023-06-05T18:30:25.305781,0.01,LeNet5ReLU,16,0.9723659753799438,0.9726595878601074,0.9723659753799438,0.9722822904586792
2023-06-05T18:30:36.980067,0.01,LeNet5ReLU,17,0.9805939793586731,0.9809442758560181,0.9805939793586731,0.9806658625602722
2023-06-05T18:30:48.621780,0.01,LeNet5ReLU,18,0.9802486300468445,0.9800204038619995,0.9802486300468445,0.980055034160614
2023-06-05T18:31:00.312597,0.01,LeNet5ReLU,19,0.9781891703605652,0.9790414571762085,0.9781891703605652,0.9784666299819946
2023-06-05T18:31:11.799803,0.01,LeNet5ReLU,20,0.9858623743057251,0.9858810305595398,0.9858623743057251,0.9858288764953613
2023-06-05T18:31:23.500474,0.01,LeNet5AvgPool,1,0.9175118207931519,0.919888973236084,0.9175118207931519,0.9172450304031372
2023-06-05T18:31:35.309814,0.01,LeNet5AvgPool,2,0.9336588978767395,0.9341484904289246,0.9336588978767395,0.933671772480011
2023-06-05T18:31:47.046084,0.01,LeNet5AvgPool,3,0.9385234117507935,0.9381414651870728,0.9385234117507935,0.9378167390823364
2023-06-05T18:31:58.933019,0.01,LeNet5AvgPool,4,0.9363682866096497,0.9384132623672485,0.9363682866096497,0.9366486668586731
2023-06-05T18:32:10.727801,0.01,LeNet5AvgPool,5,0.9222156405448914,0.9236310124397278,0.9222156405448914,0.9213218688964844
2023-06-05T18:32:22.384591,0.01,LeNet5AvgPool,6,0.9297155141830444,0.9316787719726562,0.9297155141830444,0.9298406839370728
2023-06-05T18:32:34.033281,0.01,LeNet5AvgPool,7,0.9157737493515015,0.9208310842514038,0.9157737493515015,0.9163193702697754
2023-06-05T18:32:45.875607,0.01,LeNet5AvgPool,8,0.9347541928291321,0.9348880648612976,0.9347541928291321,0.9345669746398926
2023-06-05T18:32:57.597868,0.01,LeNet5AvgPool,9,0.9345813989639282,0.9364530444145203,0.9345813989639282,0.9349973797798157
2023-06-05T18:33:09.384178,0.01,LeNet5AvgPool,10,0.9365079998970032,0.9372326731681824,0.9365079998970032,0.9366410970687866
2023-06-05T18:33:21.157802,0.01,LeNet5AvgPool,11,0.9401456713676453,0.9411506652832031,0.9401456713676453,0.9399522542953491
2023-06-05T18:33:32.774845,0.01,LeNet5AvgPool,12,0.9402942657470703,0.9403136372566223,0.9402942657470703,0.940258800983429
2023-06-05T18:33:44.501761,0.01,LeNet5AvgPool,13,0.9443283081054688,0.9441993832588196,0.9443283081054688,0.944037914276123
2023-06-05T18:33:56.310145,0.01,LeNet5AvgPool,14,0.9358976483345032,0.9364930987358093,0.9358976483345032,0.9358072280883789
2023-06-05T18:34:08.201250,0.01,LeNet5AvgPool,15,0.9335699081420898,0.9360054135322571,0.9335699081420898,0.9341130256652832
2023-06-05T18:34:20.021183,0.01,LeNet5AvgPool,16,0.9341739416122437,0.9348227381706238,0.9341739416122437,0.9341120719909668
2023-06-05T18:34:31.667631,0.01,LeNet5AvgPool,17,0.9342805743217468,0.9342488050460815,0.9342805743217468,0.9340115785598755
2023-06-05T18:34:43.356196,0.01,LeNet5AvgPool,18,0.9211390614509583,0.9207220077514648,0.9211390614509583,0.9204598665237427
2023-06-05T18:34:55.120203,0.01,LeNet5AvgPool,19,0.9273055791854858,0.9294449090957642,0.9273055791854858,0.9277223348617554
2023-06-05T18:35:06.797201,0.01,LeNet5AvgPool,20,0.9237960577011108,0.9252616167068481,0.9237960577011108,0.9241561889648438
2023-06-05T18:35:18.248328,0.01,LeNet5ReLUAvgPool,1,0.9811397790908813,0.9812213778495789,0.9811397790908813,0.981096088886261
2023-06-05T18:35:29.865160,0.01,LeNet5ReLUAvgPool,2,0.983603298664093,0.9836618304252625,0.983603298664093,0.9835572242736816
2023-06-05T18:35:41.253656,0.01,LeNet5ReLUAvgPool,3,0.9829818606376648,0.983555793762207,0.9829818606376648,0.9831770658493042
2023-06-05T18:35:52.835984,0.01,LeNet5ReLUAvgPool,4,0.985103964805603,0.985022246837616,0.985103964805603,0.9850069880485535
2023-06-05T18:36:04.424235,0.01,LeNet5ReLUAvgPool,5,0.9877915382385254,0.9880857467651367,0.9877915382385254,0.9879270792007446
2023-06-05T18:36:15.948897,0.01,LeNet5ReLUAvgPool,6,0.9841824769973755,0.9846900105476379,0.9841824769973755,0.9843597412109375
2023-06-05T18:36:27.457344,0.01,LeNet5ReLUAvgPool,7,0.9814603924751282,0.9816914796829224,0.9814603924751282,0.9815086126327515
2023-06-05T18:36:38.824153,0.01,LeNet5ReLUAvgPool,8,0.987237274646759,0.9870853424072266,0.987237274646759,0.9871174097061157
2023-06-05T18:36:50.294244,0.01,LeNet5ReLUAvgPool,9,0.9861600995063782,0.9863418340682983,0.9861600995063782,0.9862180948257446
2023-06-05T18:37:01.939988,0.01,LeNet5ReLUAvgPool,10,0.9834890365600586,0.9835707545280457,0.9834890365600586,0.9834944009780884
2023-06-05T18:37:13.546486,0.01,LeNet5ReLUAvgPool,11,0.9861131906509399,0.9862017631530762,0.9861131906509399,0.9861442446708679
2023-06-05T18:37:25.079393,0.01,LeNet5ReLUAvgPool,12,0.985302746295929,0.9853166341781616,0.985302746295929,0.9852737188339233
2023-06-05T18:37:36.565794,0.01,LeNet5ReLUAvgPool,13,0.98774653673172,0.9877665638923645,0.98774653673172,0.9877325892448425
2023-06-05T18:37:48.148426,0.01,LeNet5ReLUAvgPool,14,0.9856716394424438,0.9860259890556335,0.9856716394424438,0.9858273267745972
2023-06-05T18:37:59.737037,0.01,LeNet5ReLUAvgPool,15,0.9860092997550964,0.9860812425613403,0.9860092997550964,0.9860159158706665
2023-06-05T18:38:11.243310,0.01,LeNet5ReLUAvgPool,16,0.9867070913314819,0.9868775606155396,0.9867070913314819,0.9867774248123169
2023-06-05T18:38:22.779725,0.01,LeNet5ReLUAvgPool,17,0.9868220090866089,0.9867321848869324,0.9868220090866089,0.9867533445358276
2023-06-05T18:38:34.335304,0.01,LeNet5ReLUAvgPool,18,0.9813247919082642,0.9811370968818665,0.9813247919082642,0.9811801910400391
2023-06-05T18:38:45.907587,0.01,LeNet5ReLUAvgPool,19,0.986325740814209,0.9860698580741882,0.986325740814209,0.9861758947372437
2023-06-05T18:38:57.246584,0.01,LeNet5ReLUAvgPool,20,0.9884546399116516,0.9884556531906128,0.9884546399116516,0.9884452819824219
2023-06-05T18:39:09.018781,0.001,LeNet5,1,0.9754122495651245,0.9766170382499695,0.9754122495651245,0.9757639765739441
2023-06-05T18:39:20.769239,0.001,LeNet5,2,0.9843133091926575,0.9849613308906555,0.9843133091926575,0.9845565557479858
2023-06-05T18:39:32.682634,0.001,LeNet5,3,0.9863318204879761,0.9864845275878906,0.9863318204879761,0.9863492250442505
2023-06-05T18:39:44.308590,0.001,LeNet5,4,0.9874230623245239,0.987774670124054,0.9874230623245239,0.9875617027282715
2023-06-05T18:39:56.530019,0.001,LeNet5,5,0.9834280014038086,0.9836364984512329,0.9834280014038086,0.9834655523300171
2023-06-05T18:40:08.056187,0.001,LeNet5,6,0.9872724413871765,0.9871183633804321,0.9872724413871765,0.9871818423271179
2023-06-05T18:40:19.542285,0.001,LeNet5,7,0.9880123138427734,0.9883066415786743,0.9880123138427734,0.9881291389465332
2023-06-05T18:40:31.531798,0.001,LeNet5,8,0.9879758954048157,0.9879350662231445,0.9879758954048157,0.9879409670829773
2023-06-05T18:40:43.332060,0.001,LeNet5,9,0.9882155656814575,0.988414466381073,0.9882155656814575,0.9882993698120117
2023-06-05T18:40:54.987772,0.001,LeNet5,10,0.9894586801528931,0.9894235730171204,0.9894586801528931,0.9894267916679382
2023-06-05T18:41:06.709292,0.001,LeNet5,11,0.9877498745918274,0.9880584478378296,0.9877498745918274,0.9878880381584167
2023-06-05T18:41:18.473828,0.001,LeNet5,12,0.9897732734680176,0.9899111986160278,0.9897732734680176,0.989836573600769
2023-06-05T18:41:30.267096,0.001,LeNet5,13,0.9833782315254211,0.9836117029190063,0.9833782315254211,0.9834238886833191
2023-06-05T18:41:42.085573,0.001,LeNet5,14,0.9871557950973511,0.9872719049453735,0.9871557950973511,0.9871852993965149
2023-06-05T18:41:53.980710,0.001,LeNet5,15,0.9880704879760742,0.988385796546936,0.9880704879760742,0.9882034063339233
2023-06-05T18:42:05.813311,0.001,LeNet5,16,0.9865907430648804,0.9868526458740234,0.9865907430648804,0.9866998791694641
2023-06-05T18:42:17.535684,0.001,LeNet5,17,0.986190676689148,0.986463725566864,0.986190676689148,0.9862973093986511
2023-06-05T18:42:29.325626,0.001,LeNet5,18,0.9859716296195984,0.9860647320747375,0.9859716296195984,0.9860032200813293
2023-06-05T18:42:41.249448,0.001,LeNet5,19,0.9889316558837891,0.9892026782035828,0.9889316558837891,0.9890317916870117
2023-06-05T18:42:53.030155,0.001,LeNet5,20,0.9892142415046692,0.9895216226577759,0.9892142415046692,0.9893475770950317
2023-06-05T18:43:04.590425,0.001,LeNet5ReLU,1,0.9778884649276733,0.9785950779914856,0.9778884649276733,0.9781478047370911
2023-06-05T18:43:16.184333,0.001,LeNet5ReLU,2,0.9812049865722656,0.9814570546150208,0.9812049865722656,0.9812305569648743
2023-06-05T18:43:27.768256,0.001,LeNet5ReLU,3,0.9848228693008423,0.9851581454277039,0.9848228693008423,0.984894871711731
2023-06-05T18:43:39.466892,0.001,LeNet5ReLU,4,0.9846455454826355,0.9850662350654602,0.9846455454826355,0.9847707748413086
2023-06-05T18:43:51.088663,0.001,LeNet5ReLU,5,0.9827460050582886,0.9831330180168152,0.9827460050582886,0.9827529788017273
2023-06-05T18:44:02.617068,0.001,LeNet5ReLU,6,0.9907056093215942,0.9909631013870239,0.9907056093215942,0.9908148646354675
2023-06-05T18:44:14.134834,0.001,LeNet5ReLU,7,0.9909343719482422,0.9911140203475952,0.9909343719482422,0.9909947514533997
2023-06-05T18:44:25.584343,0.001,LeNet5ReLU,8,0.9896276593208313,0.9898114204406738,0.9896276593208313,0.9897044897079468
2023-06-05T18:44:36.957512,0.001,LeNet5ReLU,9,0.9920156598091125,0.992059051990509,0.9920156598091125,0.9920347929000854
2023-06-05T18:44:48.546958,0.001,LeNet5ReLU,10,0.9888297319412231,0.9889446496963501,0.9888297319412231,0.9888712167739868
2023-06-05T18:45:00.164370,0.001,LeNet5ReLU,11,0.9880366325378418,0.9885751008987427,0.9880366325378418,0.9882504343986511
2023-06-05T18:45:11.707597,0.001,LeNet5ReLU,12,0.9897320866584778,0.9896694421768188,0.9897320866584778,0.9896937608718872
2023-06-05T18:45:23.243863,0.001,LeNet5ReLU,13,0.989998459815979,0.9900234937667847,0.989998459815979,0.9899953603744507
2023-06-05T18:45:34.700956,0.001,LeNet5ReLU,14,0.9900481104850769,0.99028080701828,0.9900481104850769,0.9901455640792847
2023-06-05T18:45:46.359706,0.001,LeNet5ReLU,15,0.9888054728507996,0.9888483881950378,0.9888054728507996,0.9887925982475281
2023-06-05T18:45:58.012414,0.001,LeNet5ReLU,16,0.9897695779800415,0.9896767735481262,0.9897695779800415,0.9897148013114929
2023-06-05T18:46:09.621418,0.001,LeNet5ReLU,17,0.989211916923523,0.9893104434013367,0.989211916923523,0.9892562031745911
2023-06-05T18:46:21.365717,0.001,LeNet5ReLU,18,0.9866987466812134,0.986893355846405,0.9866987466812134,0.9867477416992188
2023-06-05T18:46:32.966196,0.001,LeNet5ReLU,19,0.9863648414611816,0.9864335060119629,0.9863648414611816,0.9863473176956177
2023-06-05T18:46:44.593209,0.001,LeNet5ReLU,20,0.9890934228897095,0.9889360666275024,0.9890934228897095,0.989004909992218
2023-06-05T18:46:56.430645,0.001,LeNet5AvgPool,1,0.9628545641899109,0.9645587801933289,0.9628545641899109,0.963300347328186
2023-06-05T18:47:08.134352,0.001,LeNet5AvgPool,2,0.9758591651916504,0.9758588671684265,0.9758591651916504,0.9757612347602844
2023-06-05T18:47:19.810731,0.001,LeNet5AvgPool,3,0.9806914329528809,0.9808357357978821,0.9806914329528809,0.9807384610176086
2023-06-05T18:47:31.562584,0.001,LeNet5AvgPool,4,0.9816985130310059,0.9817667007446289,0.9816985130310059,0.9817073941230774
2023-06-05T18:47:43.205480,0.001,LeNet5AvgPool,5,0.9818261861801147,0.9822414517402649,0.9818261861801147,0.9819671511650085
2023-06-05T18:47:55.009036,0.001,LeNet5AvgPool,6,0.9827702641487122,0.9825131297111511,0.9827702641487122,0.98259037733078
2023-06-05T18:48:06.757596,0.001,LeNet5AvgPool,7,0.984366774559021,0.9843292236328125,0.984366774559021,0.9843243360519409
2023-06-05T18:48:18.629316,0.001,LeNet5AvgPool,8,0.9808929562568665,0.9815599322319031,0.9808929562568665,0.9811325073242188
2023-06-05T18:48:30.363847,0.001,LeNet5AvgPool,9,0.9850786924362183,0.9848695993423462,0.9850786924362183,0.9849592447280884
2023-06-05T18:48:42.010470,0.001,LeNet5AvgPool,10,0.9849214553833008,0.9850006103515625,0.9849214553833008,0.9849302172660828
2023-06-05T18:48:53.917507,0.001,LeNet5AvgPool,11,0.9831604957580566,0.982972264289856,0.9831604957580566,0.9830185770988464
2023-06-05T18:49:05.544987,0.001,LeNet5AvgPool,12,0.9830390810966492,0.9833762049674988,0.9830390810966492,0.9831330180168152
2023-06-05T18:49:17.265514,0.001,LeNet5AvgPool,13,0.9846444129943848,0.9848249554634094,0.9846444129943848,0.9847205281257629
2023-06-05T18:49:29.075161,0.001,LeNet5AvgPool,14,0.985660195350647,0.9858524203300476,0.985660195350647,0.9857449531555176
2023-06-05T18:49:40.663966,0.001,LeNet5AvgPool,15,0.9871333837509155,0.9873059391975403,0.9871333837509155,0.9872064590454102
2023-06-05T18:49:52.579689,0.001,LeNet5AvgPool,16,0.9855819940567017,0.9859554171562195,0.9855819940567017,0.9857351183891296
2023-06-05T18:50:04.323528,0.001,LeNet5AvgPool,17,0.9839892387390137,0.9840251207351685,0.9839892387390137,0.9839922189712524
2023-06-05T18:50:16.077925,0.001,LeNet5AvgPool,18,0.9841659665107727,0.9844185709953308,0.9841659665107727,0.9842734336853027
2023-06-05T18:50:27.787100,0.001,LeNet5AvgPool,19,0.9842365384101868,0.9842165112495422,0.9842365384101868,0.9842153787612915
2023-06-05T18:50:39.317279,0.001,LeNet5AvgPool,20,0.9852828979492188,0.9852476119995117,0.9852828979492188,0.9852519035339355
2023-06-05T18:50:50.903479,0.001,LeNet5ReLUAvgPool,1,0.9624808430671692,0.962201714515686,0.9624808430671692,0.9620486497879028
2023-06-05T18:51:02.452100,0.001,LeNet5ReLUAvgPool,2,0.9765752553939819,0.9767278432846069,0.9765752553939819,0.9765731692314148
2023-06-05T18:51:14.180154,0.001,LeNet5ReLUAvgPool,3,0.9792212247848511,0.9791244268417358,0.9792212247848511,0.979089617729187
2023-06-05T18:51:25.772287,0.001,LeNet5ReLUAvgPool,4,0.9795265197753906,0.9805625081062317,0.9795265197753906,0.9798900485038757
2023-06-05T18:51:37.379766,0.001,LeNet5ReLUAvgPool,5,0.9806817770004272,0.9812794923782349,0.9806817770004272,0.9805489778518677
2023-06-05T18:51:48.944802,0.001,LeNet5ReLUAvgPool,6,0.9876307249069214,0.9879837036132812,0.9876307249069214,0.9877722859382629
2023-06-05T18:52:00.601045,0.001,LeNet5ReLUAvgPool,7,0.9864511489868164,0.9865134954452515,0.9864511489868164,0.9864429235458374
2023-06-05T18:52:12.305446,0.001,LeNet5ReLUAvgPool,8,0.9881313443183899,0.9882169961929321,0.9881313443183899,0.988148033618927
2023-06-05T18:52:23.989542,0.001,LeNet5ReLUAvgPool,9,0.9889793395996094,0.9892001152038574,0.9889793395996094,0.9890698194503784
2023-06-05T18:52:35.610421,0.001,LeNet5ReLUAvgPool,10,0.987062931060791,0.987235426902771,0.987062931060791,0.9871131181716919
2023-06-05T18:52:47.162892,0.001,LeNet5ReLUAvgPool,11,0.9894653558731079,0.9893134236335754,0.9894653558731079,0.9893776774406433
2023-06-05T18:52:58.852786,0.001,LeNet5ReLUAvgPool,12,0.9883848428726196,0.9885212779045105,0.9883848428726196,0.9884145855903625
2023-06-05T18:53:10.437016,0.001,LeNet5ReLUAvgPool,13,0.9904271960258484,0.990766704082489,0.9904271960258484,0.9905799031257629
2023-06-05T18:53:22.025952,0.001,LeNet5ReLUAvgPool,14,0.9899736642837524,0.9899410009384155,0.9899736642837524,0.9899412989616394
2023-06-05T18:53:33.469592,0.001,LeNet5ReLUAvgPool,15,0.9868698120117188,0.9870501756668091,0.9868698120117188,0.9868876338005066
2023-06-05T18:53:44.883783,0.001,LeNet5ReLUAvgPool,16,0.9885643124580383,0.9887123107910156,0.9885643124580383,0.988612949848175
2023-06-05T18:53:56.451172,0.001,LeNet5ReLUAvgPool,17,0.9906920194625854,0.9908520579338074,0.9906920194625854,0.9907604455947876
2023-06-05T18:54:08.056457,0.001,LeNet5ReLUAvgPool,18,0.9910915493965149,0.9911354184150696,0.9910915493965149,0.99110347032547
2023-06-05T18:54:19.491143,0.001,LeNet5ReLUAvgPool,19,0.9893991351127625,0.9892926216125488,0.9893991351127625,0.9893350601196289
2023-06-05T18:54:30.975650,0.001,LeNet5ReLUAvgPool,20,0.9895124435424805,0.9895908236503601,0.9895124435424805,0.9895283579826355
2023-06-05T18:54:42.764690,0.0001,LeNet5,1,0.9439339637756348,0.9440168142318726,0.9439339637756348,0.9438910484313965
2023-06-05T18:54:54.641009,0.0001,LeNet5,2,0.9676274061203003,0.96788090467453,0.9676274061203003,0.967718780040741
2023-06-05T18:55:06.212476,0.0001,LeNet5,3,0.9755412936210632,0.9758771657943726,0.9755412936210632,0.9756652116775513
2023-06-05T18:55:17.958989,0.0001,LeNet5,4,0.9773837327957153,0.9777005314826965,0.9773837327957153,0.9774746894836426
2023-06-05T18:55:29.594318,0.0001,LeNet5,5,0.9811995625495911,0.9811938405036926,0.9811995625495911,0.9811479449272156
2023-06-05T18:55:41.292248,0.0001,LeNet5,6,0.9832104444503784,0.9833931922912598,0.9832104444503784,0.9832867383956909
2023-06-05T18:55:53.336947,0.0001,LeNet5,7,0.9845249056816101,0.9847482442855835,0.9845249056816101,0.9846116304397583
2023-06-05T18:56:05.114337,0.0001,LeNet5,8,0.9849954843521118,0.9848407506942749,0.9849954843521118,0.9849065542221069
2023-06-05T18:56:16.616168,0.0001,LeNet5,9,0.9859000444412231,0.9860186576843262,0.9859000444412231,0.9859460592269897
2023-06-05T18:56:28.196277,0.0001,LeNet5,10,0.9865614771842957,0.9865835309028625,0.9865614771842957,0.9865597486495972
2023-06-05T18:56:39.774074,0.0001,LeNet5,11,0.985821545124054,0.9858309626579285,0.985821545124054,0.9858087301254272
2023-06-05T18:56:51.587268,0.0001,LeNet5,12,0.9874811172485352,0.9875425100326538,0.9874811172485352,0.9875075221061707
2023-06-05T18:57:03.262072,0.0001,LeNet5,13,0.9860702753067017,0.9863354563713074,0.9860702753067017,0.9861726760864258
2023-06-05T18:57:15.053173,0.0001,LeNet5,14,0.9873431324958801,0.9874513745307922,0.9873431324958801,0.987390398979187
2023-06-05T18:57:26.841554,0.0001,LeNet5,15,0.9876173138618469,0.9876335263252258,0.9876173138618469,0.9876191020011902
2023-06-05T18:57:38.677437,0.0001,LeNet5,16,0.9863407015800476,0.9863374829292297,0.9863407015800476,0.9863074421882629
2023-06-05T18:57:50.329852,0.0001,LeNet5,17,0.9873078465461731,0.9875108599662781,0.9873078465461731,0.9873819351196289
2023-06-05T18:58:02.248752,0.0001,LeNet5,18,0.9867145419120789,0.9866647720336914,0.9867145419120789,0.9866725206375122
2023-06-05T18:58:14.090819,0.0001,LeNet5,19,0.9873024821281433,0.9871551394462585,0.9873024821281433,0.9872124791145325
2023-06-05T18:58:25.947018,0.0001,LeNet5,20,0.9872760772705078,0.9873355031013489,0.9872760772705078,0.9872843623161316
2023-06-05T18:58:37.359548,0.0001,LeNet5ReLU,1,0.9099670648574829,0.9116851091384888,0.9099670648574829,0.9100653529167175
2023-06-05T18:58:49.034907,0.0001,LeNet5ReLU,2,0.9372063875198364,0.9386168718338013,0.9372063875198364,0.9375573992729187
2023-06-05T18:59:00.515525,0.0001,LeNet5ReLU,3,0.9537962079048157,0.954695999622345,0.9537962079048157,0.9540077447891235
2023-06-05T18:59:12.203310,0.0001,LeNet5ReLU,4,0.9637916684150696,0.9642229080200195,0.9637916684150696,0.9639299511909485
2023-06-05T18:59:23.877484,0.0001,LeNet5ReLU,5,0.9688091278076172,0.9689416885375977,0.9688091278076172,0.9687906503677368
2023-06-05T18:59:35.454598,0.0001,LeNet5ReLU,6,0.9715330004692078,0.9712435603141785,0.9715330004692078,0.9713113903999329
2023-06-05T18:59:47.242979,0.0001,LeNet5ReLU,7,0.9740620851516724,0.9739745259284973,0.9740620851516724,0.9739792943000793
2023-06-05T18:59:58.781610,0.0001,LeNet5ReLU,8,0.9766465425491333,0.9769642949104309,0.9766465425491333,0.9767730832099915
2023-06-05T19:00:10.282905,0.0001,LeNet5ReLU,9,0.9792741537094116,0.9792351722717285,0.9792741537094116,0.9792037010192871
2023-06-05T19:00:21.850033,0.0001,LeNet5ReLU,10,0.9806946516036987,0.9807760119438171,0.9806946516036987,0.9807040095329285
2023-06-05T19:00:33.530703,0.0001,LeNet5ReLU,11,0.9801710844039917,0.9805391430854797,0.9801710844039917,0.9803110361099243
2023-06-05T19:00:45.026192,0.0001,LeNet5ReLU,12,0.981675922870636,0.9822429418563843,0.981675922870636,0.981885552406311
2023-06-05T19:00:56.647766,0.0001,LeNet5ReLU,13,0.9802850484848022,0.9809371829032898,0.9802850484848022,0.9805176854133606
2023-06-05T19:01:08.304164,0.0001,LeNet5ReLU,14,0.9844878315925598,0.9848465919494629,0.9844878315925598,0.9846185445785522
2023-06-05T19:01:19.969206,0.0001,LeNet5ReLU,15,0.9868860244750977,0.9869834184646606,0.9868860244750977,0.986922562122345
2023-06-05T19:01:31.625404,0.0001,LeNet5ReLU,16,0.9856947064399719,0.9858719706535339,0.9856947064399719,0.9857379794120789
2023-06-05T19:01:43.311908,0.0001,LeNet5ReLU,17,0.9844827651977539,0.9850342869758606,0.9844827651977539,0.9846833348274231
2023-06-05T19:01:54.798336,0.0001,LeNet5ReLU,18,0.984839141368866,0.9848909378051758,0.984839141368866,0.9848276376724243
2023-06-05T19:02:06.300947,0.0001,LeNet5ReLU,19,0.9845640063285828,0.9851003885269165,0.9845640063285828,0.9847585558891296
2023-06-05T19:02:18.122340,0.0001,LeNet5ReLU,20,0.9857372045516968,0.9861879348754883,0.9857372045516968,0.9859216809272766
2023-06-05T19:02:29.868920,0.0001,LeNet5AvgPool,1,0.9238805770874023,0.9242391586303711,0.9238805770874023,0.9238070249557495
2023-06-05T19:02:41.338129,0.0001,LeNet5AvgPool,2,0.9434649348258972,0.9448477029800415,0.9434649348258972,0.9438173174858093
2023-06-05T19:02:52.974995,0.0001,LeNet5AvgPool,3,0.9602521657943726,0.9606944918632507,0.9602521657943726,0.9603831171989441
2023-06-05T19:03:04.638805,0.0001,LeNet5AvgPool,4,0.9676911234855652,0.9680095911026001,0.9676911234855652,0.9677937626838684
2023-06-05T19:03:16.249128,0.0001,LeNet5AvgPool,5,0.9735237956047058,0.9735387563705444,0.9735237956047058,0.9735056757926941
2023-06-05T19:03:27.954092,0.0001,LeNet5AvgPool,6,0.9757875204086304,0.9758987426757812,0.9757875204086304,0.9757901430130005
2023-06-05T19:03:39.554982,0.0001,LeNet5AvgPool,7,0.9779893159866333,0.9780827760696411,0.9779893159866333,0.9780174493789673
2023-06-05T19:03:51.406802,0.0001,LeNet5AvgPool,8,0.9790065884590149,0.9793585538864136,0.9790065884590149,0.9791473150253296
2023-06-05T19:04:03.182915,0.0001,LeNet5AvgPool,9,0.980932354927063,0.9809861183166504,0.980932354927063,0.9809459447860718
2023-06-05T19:04:14.858375,0.0001,LeNet5AvgPool,10,0.9821728467941284,0.9821693301200867,0.9821728467941284,0.9821603894233704
2023-06-05T19:04:26.432691,0.0001,LeNet5AvgPool,11,0.9817445874214172,0.981677234172821,0.9817445874214172,0.9816651344299316
2023-06-05T19:04:37.971025,0.0001,LeNet5AvgPool,12,0.9833709597587585,0.9835625886917114,0.9833709597587585,0.9834479093551636
2023-06-05T19:04:49.624945,0.0001,LeNet5AvgPool,13,0.9844080805778503,0.9846156239509583,0.9844080805778503,0.9844886660575867
2023-06-05T19:05:01.519054,0.0001,LeNet5AvgPool,14,0.985058605670929,0.984941303730011,0.985058605670929,0.9849938154220581
2023-06-05T19:05:13.408170,0.0001,LeNet5AvgPool,15,0.9831406474113464,0.983241856098175,0.9831406474113464,0.9831703305244446
2023-06-05T19:05:25.037143,0.0001,LeNet5AvgPool,16,0.9847365617752075,0.9847642779350281,0.9847365617752075,0.984738826751709
2023-06-05T19:05:36.713959,0.0001,LeNet5AvgPool,17,0.98504638671875,0.9853633642196655,0.98504638671875,0.9851821064949036
2023-06-05T19:05:48.417506,0.0001,LeNet5AvgPool,18,0.9860689043998718,0.9863395690917969,0.9860689043998718,0.9861897230148315
2023-06-05T19:06:00.129943,0.0001,LeNet5AvgPool,19,0.9854956865310669,0.9855073690414429,0.9854956865310669,0.9854865074157715
2023-06-05T19:06:11.915041,0.0001,LeNet5AvgPool,20,0.9858789443969727,0.9859330058097839,0.9858789443969727,0.9858927726745605
2023-06-05T19:06:23.572025,0.0001,LeNet5ReLUAvgPool,1,0.8841968774795532,0.8846750259399414,0.8841968774795532,0.883769154548645
2023-06-05T19:06:34.835223,0.0001,LeNet5ReLUAvgPool,2,0.9106454849243164,0.9103817939758301,0.9106454849243164,0.9100736379623413
2023-06-05T19:06:46.466994,0.0001,LeNet5ReLUAvgPool,3,0.9306188821792603,0.9313076138496399,0.9306188821792603,0.9304316639900208
2023-06-05T19:06:57.908187,0.0001,LeNet5ReLUAvgPool,4,0.9452241063117981,0.9449076652526855,0.9452241063117981,0.9449063539505005
2023-06-05T19:07:09.659645,0.0001,LeNet5ReLUAvgPool,5,0.955970287322998,0.9561354517936707,0.955970287322998,0.9559809565544128
2023-06-05T19:07:21.196296,0.0001,LeNet5ReLUAvgPool,6,0.9608327150344849,0.9607647657394409,0.9608327150344849,0.9606009721755981
2023-06-05T19:07:32.752045,0.0001,LeNet5ReLUAvgPool,7,0.9658989906311035,0.9660025835037231,0.9658989906311035,0.9659002423286438
2023-06-05T19:07:44.287833,0.0001,LeNet5ReLUAvgPool,8,0.9693655967712402,0.9695113301277161,0.9693655967712402,0.9693678021430969
2023-06-05T19:07:55.876159,0.0001,LeNet5ReLUAvgPool,9,0.9744027853012085,0.974709153175354,0.9744027853012085,0.9745281934738159
2023-06-05T19:08:07.253799,0.0001,LeNet5ReLUAvgPool,10,0.9760260581970215,0.9763692021369934,0.9760260581970215,0.9761437177658081
2023-06-05T19:08:19.299770,0.0001,LeNet5ReLUAvgPool,11,0.9767659306526184,0.9771153330802917,0.9767659306526184,0.9768686294555664
2023-06-05T19:08:31.285157,0.0001,LeNet5ReLUAvgPool,12,0.9772677421569824,0.9770817756652832,0.9772677421569824,0.9771342277526855
2023-06-05T19:08:42.571990,0.0001,LeNet5ReLUAvgPool,13,0.9785728454589844,0.978805422782898,0.9785728454589844,0.9786229133605957
2023-06-05T19:08:53.882868,0.0001,LeNet5ReLUAvgPool,14,0.9813323020935059,0.9814435243606567,0.9813323020935059,0.9813454747200012
2023-06-05T19:09:05.178292,0.0001,LeNet5ReLUAvgPool,15,0.9788322448730469,0.9787812232971191,0.9788322448730469,0.9787451028823853
2023-06-05T19:09:16.564147,0.0001,LeNet5ReLUAvgPool,16,0.9809929132461548,0.9812952280044556,0.9809929132461548,0.9810840487480164
2023-06-05T19:09:27.838493,0.0001,LeNet5ReLUAvgPool,17,0.9822449684143066,0.9823014140129089,0.9822449684143066,0.982225775718689
2023-06-05T19:09:38.963907,0.0001,LeNet5ReLUAvgPool,18,0.9815800786018372,0.9815719723701477,0.9815800786018372,0.9815170168876648
2023-06-05T19:09:50.569153,0.0001,LeNet5ReLUAvgPool,19,0.9823226928710938,0.9825469255447388,0.9823226928710938,0.9823926687240601
2023-06-05T19:10:02.209852,0.0001,LeNet5ReLUAvgPool,20,0.982790470123291,0.9830479621887207,0.982790470123291,0.9828648567199707
